Title,Author,Upvotes,URL
New? READ ME FIRST!,michael0x2a,823,https://www.reddit.com/r/learnprogramming/comments/61oly8/new_read_me_first/
"What have you been working on recently? [August 31, 2024]",AutoModerator,4,https://www.reddit.com/r/learnprogramming/comments/1f5ejfk/what_have_you_been_working_on_recently_august_31/
Is the Harvard CS50 course worth to do if i have very basic understanding of coding? Or it gets too complicated too quickly?,groundhogman_23,63,https://www.reddit.com/r/learnprogramming/comments/1f8q3hp/is_the_harvard_cs50_course_worth_to_do_if_i_have/
"How do I get past the ""this is all gibberish"" phase?",socrates_friend812,9,https://www.reddit.com/r/learnprogramming/comments/1f93kmf/how_do_i_get_past_the_this_is_all_gibberish_phase/
What is inheritance tax and why are mixins a better solution?,hantrault,7,https://www.reddit.com/r/learnprogramming/comments/1f92hw1/what_is_inheritance_tax_and_why_are_mixins_a/
Creating a GUI for different API Integrations,L4w1i3t,5,https://www.reddit.com/r/learnprogramming/comments/1f91906/creating_a_gui_for_different_api_integrations/
"I am a beginner, which programming language should I start? ",ALPHA_45,19,https://www.reddit.com/r/learnprogramming/comments/1f8r657/i_am_a_beginner_which_programming_language_should/
Has anyone ever been falsely accused of using AI to create their programs?,micro_door,245,https://www.reddit.com/r/learnprogramming/comments/1f8bzxb/has_anyone_ever_been_falsely_accused_of_using_ai/
I'm struggling to learn and grow . I need competition ,ZQueueCumber,11,https://www.reddit.com/r/learnprogramming/comments/1f8utmd/im_struggling_to_learn_and_grow_i_need_competition/
i come to you again in great need,buna_cefaci,5,https://www.reddit.com/r/learnprogramming/comments/1f8zvo8/i_come_to_you_again_in_great_need/
Stuck in a project in FREECODECAMP and I really need your wisdom and advice. ,NoMathematician9564,5,https://www.reddit.com/r/learnprogramming/comments/1f8z4be/stuck_in_a_project_in_freecodecamp_and_i_really/
I made my first project without a tutorial!,ProgressPale7611,12,https://www.reddit.com/r/learnprogramming/comments/1f8q53p/i_made_my_first_project_without_a_tutorial/
"From the iterations/years of the Harvard CS50 course, is there a most recommended one/s?",babbagack,4,https://www.reddit.com/r/learnprogramming/comments/1f8xr0t/from_the_iterationsyears_of_the_harvard_cs50/
I need help with C,Harsh_Kharya,2,https://www.reddit.com/r/learnprogramming/comments/1f938mj/i_need_help_with_c/
Should I do formal education ,dforde432,6,https://www.reddit.com/r/learnprogramming/comments/1f8vnzs/should_i_do_formal_education/
For those who've successfully kept their Next.js applications running efficiently,FMPICA,5,https://www.reddit.com/r/learnprogramming/comments/1f8vjct/for_those_whove_successfully_kept_their_nextjs/
How does buffer overflow attack work in practice?,External_Cut_6946,3,https://www.reddit.com/r/learnprogramming/comments/1f8z46f/how_does_buffer_overflow_attack_work_in_practice/
"Can you guys recommend me a coding challenge website, that is completely free?",Hour_Intern3420,39,https://www.reddit.com/r/learnprogramming/comments/1f8i4vl/can_you_guys_recommend_me_a_coding_challenge/
need a good course recommendation for beginners ,jugrvg,1,https://www.reddit.com/r/learnprogramming/comments/1f95gfn/need_a_good_course_recommendation_for_beginners/
I KNOW NOTHING. HOW DO I LEARN?,TheWantingScholar,1,https://www.reddit.com/r/learnprogramming/comments/1f95fwk/i_know_nothing_how_do_i_learn/
Learn how to read documentation ,Mnkeyqt,1,https://www.reddit.com/r/learnprogramming/comments/1f95csu/learn_how_to_read_documentation/
Help with web map,Emergency_Shower6811,2,https://www.reddit.com/r/learnprogramming/comments/1f94o1b/help_with_web_map/
Good solutions for storing graph database relationships/edges clientside? ,privateyeet,2,https://www.reddit.com/r/learnprogramming/comments/1f94m59/good_solutions_for_storing_graph_database/
Learning Resources,dca12345,1,https://www.reddit.com/r/learnprogramming/comments/1f944ov/learning_resources/
"Sorting-Algorithms - Your Go-To Java Sorting Algorithms Repo!
",eczalaya,2,https://www.reddit.com/r/learnprogramming/comments/1f941sw/sortingalgorithms_your_goto_java_sorting/
Trying to figure out the best way to spend my time ,brandonfitzpatricc,2,https://www.reddit.com/r/learnprogramming/comments/1f93wjv/trying_to_figure_out_the_best_way_to_spend_my_time/
How/where to host my website?,Familiar_Mud_8671,1,https://www.reddit.com/r/learnprogramming/comments/1f933q8/howwhere_to_host_my_website/
